company,address,phone,website,emails
"WrightDavis Property Management","600 N Willow Ave Suite 200, Tampa, FL 33606, USA","(813) 251-0001",http://wrightdavis.com/,info@wrightdavis.com
"The Listing Real Estate Management | Tampa, FL","401 E Jackson St Ste 3300, Tampa, FL 33602, USA","(813) 796-5200",https://tampapropertymanagement.net/,info@thelistingrem.com
"Graystone Property Management","7825 N Dale Mabry Hwy Ste 27, Tampa, FL 33614, USA","(813) 600-2966",https://graystoneig.com/property-management,inquiries@graystoneinvestmentgroup.com
"Rent Solutions","5401 W Kennedy Blvd #1030, Tampa, FL 33609, USA","(813) 579-5597",http://www.rentsolutions.com/,support@propertymanagerwebsites.com
"Evernest Property Management Tampa","550 N Reo St suit 300, Tampa, FL 33609, USA","(813) 200-0081",https://www.evernest.co/,support@evernest.co
"All County Tampa Bay Property Management","7827 N Dale Mabry Hwy Suite 210, Tampa, FL 33614, USA","(813) 884-6400",https://www.allcountytampabay.com/,
"Bahia Property Management","550 N Reo St, Tampa, FL 33609, USA","(813) 966-9324",https://www.tampapropertymanagement.com/,
"Out Fast Property Management","1718 E 7th Ave suite 201b, Tampa, FL 33605, USA","(813) 324-5852",https://www.outfastpropertymanagement.com/,admin@outfastpropertymanagement.com
"Hoffman Realty","5612 S Manhattan Ave, Tampa, FL 33616, USA","(813) 875-7474",https://www.hoffmanrealty.com/,info@hoffmanrealty.com
"House2home Properties Property Management","8270 Woodland Center Blvd, Tampa, FL 33614, USA","(813) 703-1400",http://www.ontimerents.com/,admin@ontimerents.com
"Grand Welcome Tampa Vacation Rental Property Management","2541 N Dale Mabry Hwy #313, Tampa, FL 33607, USA","(813) 981-1383",https://www.tampavacay.com/,"hello@email.com, lucie@tampavacay.com, name@email.com"
"Atrium Management Company","5305 N Blvd, Tampa, FL 33603, USA","(407) 585-2721",https://www.atriummanagement.com/,info@atriummanagement.com
"Real Property Management Tampa St. Pete","8517 Gunn Hwy, Odessa, FL 33556, USA","(813) 445-4600",https://www.rpmtampastpete.com/?cid=LSTL_RPM000203&utm_source=gmb&utm_campaign=local&utm_medium=organic,
"Real Property Management Instant Equity","7320 E Fletcher Ave Unit 114, Tampa, FL 33637, USA","(813) 590-0467",https://www.rpminstantequitytampa.com/?cid=LSTL_RPM000203&utm_source=gmb&utm_campaign=local&utm_medium=organic,
"Simply Property Management Property Managers of Florida, Inc.","4830 W Kennedy Blvd suit 600, Tampa, FL 33609, USA","(813) 434-3887",http://www.tampamanagementservices.com/,
"Bay Town Property Management","306 E Oak Ave, Tampa, FL 33602, USA","(812) 679-8142",https://baytownpropertymanagement.com/,info@baytownpropertymanagement.com
"Palm Island Realty Property Management","1406 N Dale Mabry Hwy #200, Tampa, FL 33607, USA","(813) 321-0166",https://www.flrentsource.com/,
"HomeRiver Group Tampa Property Management","12906 Tampa Oaks Blvd Suite 100, Temple Terrace, FL 33637, USA","(813) 600-5090",https://www.tampa-propertymanagement.net/?tcid=GMB,tampa@homeriver.com
"Bay Area Property Management of Tampa","718 Brooker Rd, Brandon, FL 33511, USA","(813) 886-4433",http://www.bayareapropertymanagement.com/,"inquiry@bayareapropertymanagement.com, coolidgerealty@bayareapropertymanagement.com"
"All Pro Realty and Property Management Powered By Keller Williams Realty","5020 W Linebaugh Ave, Tampa, FL 33624, USA","(813) 606-4444",https://allpropropertymanagement.com/,jason@allprorealty.com
"Bay Area Real Estate & Rentals, Inc.","14502 N Dale Mabry Hwy Suite 200, Tampa, FL 33618, USA","(813) 988-7355",http://www.bayarearentals.net/,info@bayarearentals.net
"RentWorks Property Management","3300 Henderson Blvd # 106, Tampa, FL 33609, USA","(813) 693-2479",https://www.rentworkspm.com/?utm_source=google&utm_medium=organic&utm_term=google_my_business,
"Real Property Management Zenith","400 N Ashley Dr #2600, Tampa, FL 33602, USA","(813) 698-1001",https://www.rpmzenith.com/?cid=LSTL_RPM000203&utm_source=gmb&utm_campaign=local&utm_medium=organic,
"Greenacre Properties Inc","4131 Gunn Hwy, Tampa, FL 33618, USA","(813) 600-1100",http://www.greenacre.com/,
"Dennis Property Management","1022 Land O' Lakes Blvd #201, Lutz, FL 33549, USA","(813) 948-5660",https://www.dennisrealtyrentals.com/lutz-property-management,support@propertymanagerwebsites.com
"Quartz Management","7819 N Dale Mabry Hwy Suite 206, Tampa, FL 33614, USA","(813) 724-3008",http://quartzrentals.com/,
"Avid Property Management, Inc.","2906 Busch Lake Blvd, Tampa, FL 33614, USA","(813) 868-1104",http://www.avidtampa.com/,"cs@avidtampa.com, user@domain.com"
"PMI Arrico Realty & Property Management","642 E Bloomingdale Ave, Brandon, FL 33511, USA","(813) 662-9363",https://www.tampapropertymanagementinc.net/,paul@arricorealty.com
"Spartan Property Management LLC","200 Central Ave 4th Floor, St. Petersburg, FL 33701, USA","(813) 736-1339",https://spartanpropertymanagement.net/,
Ziprent,"610 E Zack St suite 110 3080, Tampa, FL 33602, USA","(656) 207-7191",https://www.ziprent.com/?utm_source=google_profile&utm_medium=leads&utm_content=florida&utm_campaign=tampa&utm_id=gbp23,start@ziprent.com
"Ocean Blue Property Management","9403 N Armenia Ave, Tampa, FL 33612, USA","(813) 246-4314",https://www.oceanbluefloridapm.com/,info@oceanbluepm.com
"Versaggi Property Management | Tampa Bay Properties","1716 W Cass St, Tampa, FL 33606, USA","(813) 786-4033",https://www.versaggimanagement.com/,"info@versaggirealty.com, info@versaggimanagement.com"
"Pinellas Property Management","18395 Gulf Blvd Suite 203 Rm 3, Indian Shores, FL 33785, USA","(727) 953-9085",http://pinellaspropertymanagers.com/,"ppm@pinellaspropertymanagers.com, ppm@champatampa.com"
"Tampa Property Management Solutions","5020 W Linebaugh Ave, Tampa, FL 33624, USA","(813) 319-6240",,
"Second Avenue","401 E Jackson St #3000, Tampa, FL 33602, USA","(800) 583-1628",https://www.secondavenue.com/,
"Langee Realty Inc.","3125 W Hillsborough Ave, Tampa, FL 33614, USA","(678) 485-7984",https://property-management-tampa.com/,service2929@gmail.com
"Demeter Properties Inc.","407 E Palm Ave, Tampa, FL 33602, USA","(813) 226-0687",http://thedemetergroup.com/,design@thedemetergroup.com
AMH,"3923 Coconut Palm Dr Suite 110, Tampa, FL 33619, USA","(833) 736-8264",http://www.amh.com/,
"Rizzetta & Company","3434 Colwell Ave UNIT 200, Tampa, FL 33614, USA","(888) 208-5008",https://rizzetta.com/,"605a7baede844d278b89dc95ae0a9123@sentry-next.wixpress.com, 8c4075d5481d476e945486754f783364@sentry.io, 1eeb89147c984dc6bc3ffafd9e6cd089@sentry.wixpress.com, 460ff4620fa44cba8df530afde949785@sentry.wixpress.com, ed436f5053144538958ad06a5005e99a@sentry.wixpress.com, 18d2f96d279149989b95faf0a4b41882@sentry-next.wixpress.com, 8eb368c655b84e029ed79ad7a5c1718e@sentry.wixpress.com, 2062d0a4929b45348643784b5cb39c36@sentry.wixpress.com, 271e9fa3230b4eec94b02bf95780f5f2@sentry.wixpress.com, 5d1795a2db124a268f1e1bd88f503500@sentry.wixpress.com"
"Palm Leaf Property Management","3514 N 10th St, Tampa, FL 33605, USA","(813) 616-6000",https://www.palmleafpm.com/,inquiries@palmleafpm.com
"Wise Property Management","3903 Northdale Blvd Suite 250W, Tampa, FL 33624, USA","(813) 968-5665",http://www.wisepropertymanagement.com/,
"PMI MetroBay","14502 N Dale Mabry Hwy Suite 200, Tampa, FL 33618, USA","(813) 421-9356",https://www.tampaspropertymanagementinc.com/,info@pmimetrobay.com
"PMI South Tampa","6209 S 3rd St, Tampa, FL 33611, USA","(931) 237-6592",,
"Tampa's Best Realty DBA Best Rental Services","330 W Bearss Ave suite b, Tampa, FL 33613, USA","(813) 392-3329",http://best-rentalservices.com/,"canaan@tampasbestrealty.com, matt@livlabs.io, matt@propertymanagement.page, nate@propertymanagement.page, brittian@livlabs.io, venkat@livlabs.io, adam@livlabs.io, leena@livlabs.io, pavithra@livlabs.io, arivan@livlabs.io, saranyas@livlabs.io, mahalakshmi@livlabs.io, nate@livlabs.io, chandru@livlabs.io"
"Vintage Real Estate Services","1759 S Kings Ave, Brandon, FL 33511, USA","(813) 797-5250",https://www.tampabaypropertymanagement.net/?tcid=gmb&utm_campaign=gmb,info@vintagerealestate.net
"Bay Ridge Property Management","216 W Hyde Park Pl, Tampa, FL 33606, USA","(813) 251-2011",,
"Brightwild Tampa Bay | Vacation Home Management","306 E Oak Ave, Tampa, FL 33602, USA","(727) 387-5105",https://www.brightwild.com/,info@brightwild.com
"RMC Property Group","8902 N Dale Mabry Hwy Suite 200, Tampa, FL 33614, USA","(800) 728-5379",http://www.rmcpg.com/,"rmccommunications@rmcpg.com, jdoe@company123.com"
"Red Sash Realty - Your Veteran Team","1101 E Patterson St, Tampa, FL 33604, USA","(931) 237-6592",http://www.redsashgroup.com/,
"We have no affiliation to Middletown Property Management.","3125 W Hillsborough Ave D-10, Tampa, FL 33614, USA",,,
"Real Estate Management Partners","401 E Jackson St Ste 2340, Tampa, FL 33602, USA","(813) 494-2595",https://www.realestatemanagementpartners.com/?UTM_source=GMB_listing&UTM_medium=organic,"customerservice@realestatemanagementpartners.com, 605a7baede844d278b89dc95ae0a9123@sentry-next.wixpress.com, 79baaa8e09c746d2b7401643b99792e0@sentry.wixpress.com, 460ff4620fa44cba8df530afde949785@sentry.wixpress.com, ed436f5053144538958ad06a5005e99a@sentry.wixpress.com, 2062d0a4929b45348643784b5cb39c36@sentry.wixpress.com, 271e9fa3230b4eec94b02bf95780f5f2@sentry.wixpress.com"
"Meadow Wood Property Company","4014 Gunn Hwy # 270, Tampa, FL 33618, USA","(813) 289-2900",http://www.meadowwoodproperty.com/,customerservice@mwpconline.com
"Stress Free Property Management","401 E Jackson St Ste 2340, Tampa, FL 33602, USA","(813) 790-5754",http://www.stressfreepropertymanagement.com/,
"Ocean Blue Community Management","9403 N Armenia Ave, Tampa, FL 33612, USA","(813) 560-0012",http://www.oceanbluecommunities.com/,info@oceanbluecam.com
"Fisher Properties Group","301 W Platt St Suite A-90, Tampa, FL 33606, USA","(813) 321-5677",http://www.tampapropertymanagement.co/tampa-bay-property-management,rob@fisherpropertiesgroup.com
"Valencia Realty Property Management","3309 W Bay to Bay Blvd, Tampa, FL 33629, USA","(813) 600-5010",https://www.valenciarealtypm.com/,info@valenciarealtypm.com
Awaysis,"401 E Jackson St, Tampa, FL 33602, USA","(877) 564-8847",,
"Palm Communities LLC","301 W Platt St #425, Tampa, FL 33606, USA","(888) 805-9317",http://rentpalm.com/,
"Synergistic Property Management","4511 N Himes Ave #125, Tampa, FL 33614, USA","(813) 940-8588",https://synergisticpropertymgmt.com/,"liz@synergisticcam.com, %20info@example.com, hello@synergisticpropertymgmt.com, 20info@example.com"
"Sensible Property Management","4501 E Columbus Dr, Tampa, FL 33605, USA","(813) 831-7368",http://www.sensiblepropertymanagement.us/,immediate-help@tampastressfree.com
"RealManage Tampa","5523 W Cypress St #102, Tampa, FL 33607, USA","(866) 473-2573",https://realmanage.com/locations/florida/tampa/?utm_source=google&utm_medium=gmb&utm_campaign=local-seo&utm_term=tampa,info@realmanage.com
"RPM Realty Management, LLC","14502 N Dale Mabry Hwy, Tampa, FL 33618, USA","(813) 269-0702",https://www.rpm-realty.com/,info@rpm-realty.com
"Aventra Property Management","6135 W Sitka St 2nd floor, Tampa, FL 33634, USA","(352) 773-0181",https://aventramanagement.com/,"info@aventramanagement.com, payments@aventramanagement.com"
"Agile Group Realty","607 W Horatio St, Tampa, FL 33606, USA","(813) 569-6294",http://www.agilegrouprealty.com/,
"Real Property Management TradeWinds","1602 Old Coachman Rd., Clearwater, FL 33765, USA","(727) 400-4722",https://www.rpmtradewinds.com/?cid=LSTL_RPM000203&utm_source=gmb&utm_campaign=local&utm_medium=organic,
"Arbors Management & Realty","51 S Main Ave Suite 311, Clearwater, FL 33765, USA","(727) 462-9999",http://arborsmr.com/,rentarbors@aol.com
"PMI Clearwater","12945 Seminole Blvd Bldg B Ste 1, Largo, FL 33778, USA","(727) 601-0961",https://www.largovacationrentalmanagement.com/,info@pmiclearwater.com
"Sentry Management, Inc.","28050 US Hwy 19 N Suite 509, Clearwater, FL 33761, USA","(727) 799-8982",https://www.sentrymgt.com/offices/tampa-bay-clearwater/,
"Florida Federated Management Inc","563 S Duncan Ave, Clearwater, FL 33756, USA","(727) 449-9622",https://www.floridafederated.com/,"floridafederated@aol.com, propertymgmt@floridafederated.com, micah@micahrich.com"
"All County Advance Property Management","4707 140th Ave N Suite 112, Clearwater, FL 33762, USA","(727) 284-7368",https://www.allcountyadvance.com/,
"Premis Realty","36366 US Hwy 19 N, Palm Harbor, FL 34683, USA","(727) 447-5100",http://www.premisrealty.com/,customerservice@premisrealty.com
"Ameri-Tech Companies","24701 US Hwy 19 N #102, Clearwater, FL 33763, USA","(727) 726-8000",http://www.ameritechcompanies.com/,support@ameritechmail.com
"Resource Property Management","28100 US Hwy 19 N #205, Clearwater, FL 33761, USA","(727) 796-5900",https://resourcepropertymgmt.com/,
"Central Pinellas Realty, a DBA of Collman Properties, Inc.","1305 S Highland Ave Suite 2, Clearwater, FL 33756, USA","(727) 733-7368",https://www.centralpinellasrealty.com/,astigma@astigmatic.com
"Clearwater Property Hub","3243 Springwood Dr, Clearwater, FL 33761, USA","(727) 284-7227",http://www.clearwaterpropertyhub.com/,pm@clearwaterpropertyhub.com
"More Than Property Management","1433 Gulf to Bay Blvd Suite E, Clearwater, FL 33755, USA","(727) 657-7692",http://www.morethanpropertymanagement.com/,
"Citravest Property Management","140 Island Way #113, Clearwater, FL 33767, USA","(407) 495-4744",http://www.citravest.com/,"test@test.com, citravest@gmail.com"
"Archwater Property Management and Real-Estate","360 Central Ave Ste 800, St. Petersburg, FL 33701, USA","(727) 492-4300",https://archwaterrealty.com/,
"skc property management","2729 FL-580, Clearwater, FL 33761, USA","(727) 225-2710",https://skcpropertymanagement.com/,tammy@skcpropertymanagement.com
"Stress Free Property Management","13575 58th St N Suite 200, Clearwater, FL 33760, USA","(727) 712-9000",http://www.stressfreepropertymanagement.com/Clearwater-Property-Management,
"COMANDIS Residential Sales & Property Management","2536 Countryside Blvd Suite 601, Clearwater, FL 33763, USA","(727) 616-0911",https://comandis.com/,
"ALL PROP PROPERTY MANAGEMENT, LLC","1669 Dartmouth St, Clearwater, FL 33755, USA","(727) 410-6933",,
"All County Suncoast Property Management","1700 66th St N Suite #402, St. Petersburg, FL 33710, USA","(727) 541-2578",https://www.allcountyprop.com/locations/florida/saint-petersburg/,
"Rental Houses, LLC","2240 Belleair Rd Suite 100, Clearwater, FL 33764, USA","(727) 461-7700",https://www.tampa-rental-house.com/,test@test.com
"A.R.K. Property Solutions, Inc.","1831 N Belcher Rd. suite G-3, Clearwater, FL 33765, USA","(727) 796-2684",https://www.arkpropertysolutionsfl.com/,"office@arkpropertysolutionsfl.com, 605a7baede844d278b89dc95ae0a9123@sentry-next.wixpress.com, dd0a55ccb8124b9c9d938e3acf41f8aa@sentry.wixpress.com, c183baa23371454f99f417f6616b724d@sentry.wixpress.com, 8c4075d5481d476e945486754f783364@sentry.io, 1eeb89147c984dc6bc3ffafd9e6cd089@sentry.wixpress.com, 8eb368c655b84e029ed79ad7a5c1718e@sentry.wixpress.com"
"Flynn Management Corporation","516 Lakeview Rd Ste 8, Clearwater, FL 33756, USA","(727) 449-1182",https://www.flynnmanagement.com/,"info@flynnmanagement.com, program.intake@usda.gov"
"Eckert Realty & Property Management","1938 N Hercules Ave, Clearwater, FL 33763, USA","(727) 240-0668",,
"Beach Time Rentals","410 S Lincoln Ave, Clearwater, FL 33756, USA","(727) 565-2958",http://www.beachtimerentals.com/,
"J B Management, Inc","2240 Belleair Rd Suite 100, Clearwater, FL 33764, USA","(727) 461-7700",,
"1st Class Property Management","620 Bypass Dr suite 101, Clearwater, FL 33764, USA","(727) 797-7500",,
"Leading Edge C.A.M","901 N Hercules Ave # A, Clearwater, FL 33765, USA","(727) 403-0307",http://www.leadingedgecam.com/,service@leadingedgecam.com
"Wanek Property Management","2155 NE Coachman Rd, Clearwater, FL 33765, USA","(727) 442-3100",,
"B&W Management, Inc.","11 Idlewild St, Clearwater Beach, FL 33767, USA","(727) 461-1123",https://beachresortcondos.com/,
"Homes For Rent Tampa Bay","650 Cleveland St #395, Clearwater, FL 33757, USA","(813) 333-2332",,
"Belloise Realty","803 S Ft Harrison Ave, Clearwater, FL 33756, USA","(727) 449-2700",https://www.belloiserealty.com/,
"Fortiva Residential","131 N Garden Ave, Clearwater, FL 33755, USA","(813) 708-8077",https://www.fortivaresidential.com/,"info@mysite.com, info@fortivaresidential.com, 605a7baede844d278b89dc95ae0a9123@sentry-next.wixpress.com, 18d2f96d279149989b95faf0a4b41882@sentry-next.wixpress.com, 79baaa8e09c746d2b7401643b99792e0@sentry.wixpress.com, 8eb368c655b84e029ed79ad7a5c1718e@sentry.wixpress.com, 2062d0a4929b45348643784b5cb39c36@sentry.wixpress.com, bfb679c754744c58a7374ee6e25cfc13@sentry.wixpress.com, 5d1795a2db124a268f1e1bd88f503500@sentry.wixpress.com, example@mysite.com, help@fortivaresidential.com, accounting@fortivaresidential.com, vendor@fortivaresidential.com"
"Tradewind Properties","2300 Tall Pines Dr #150, Largo, FL 33771, USA","(727) 548-8550",http://www.myfloridahousing.com/,
"24/7 Property Management Services","2292 Primrose Ln, Clearwater, FL 33763, USA","(727) 744-3610",http://www.247pm.com/,
"Kmg Property Management & Construction Services","6271 147th Ave N, Clearwater, FL 33760, USA",,https://kmgproperty.com/,"impallari@gmail.com, team@latofonts.com"
"Citravest Management","140 Island Way #113, Clearwater, FL 33767, USA","(407) 495-4744",http://www.citravest.com/,"test@test.com, citravest@gmail.com"
"Florida Vacation Rental Company","803 S Ft Harrison Ave, Clearwater, FL 33756, USA","(727) 449-2700",http://www.floridavacationrentalcompany.com/,hello@fvrco.com
"Jason Adler, Realtor | Eagle Premier Realty LLC","600 Cleveland St Suite 375, Clearwater, FL 33755, USA","(813) 508-7526",http://www.eaglepremierrealty.com/,"sample@email.com, agentjason@gmail.com"
"Capstone Realty & Associates","1433 Gulf to Bay Blvd Ste E, Clearwater, FL 33755, USA","(727) 301-7855",http://www.capstonerealestate.us/,
"The Rent King: Jason Adler, Realtor - Eagle Premier Realty LLC","600 Cleveland St Suite 375, Clearwater, FL 33755, USA","(727) 222-1369",http://www.therentking.com/,"example@sample.net, sample@gmail.com"
"Jim Nobles Management","251 Windward Passage, Clearwater Beach, FL 33767, USA","(727) 441-1454",https://jimnoblesmgmt.com/,admin@jimnoblesmgmt.com
"The Shop Property Management","311 Belleview Blvd, Belleair, FL 33756, USA","(727) 366-9710",https://www.theshopre.com/,"info@theshopre.com, connor@theshopre.com"
"Mazas Management LLC","2551 Drew St # 301, Clearwater, FL 33765, USA","(727) 726-6678",http://mazasmanagement.com/,
"First Florida Management Services","600 Druid Rd, Clearwater, FL 33756, USA","(727) 535-9895",https://firstflbusinessconsultants.wordpress.com/,frontdesk@firstflmgmt.com
"Bilynn Realty","483 Mandalay Ave Suite 208, Clearwater Beach, FL 33767, USA","(914) 961-0406",http://www.bilynnrealty.com/,"info@bilynnrealty.com, nfo@bilynnrealty.com"
"Gulfbay Home Watch","1618 Pine Pl, Clearwater, FL 33755, USA","(248) 231-7930",https://www.gulfbayhomewatch.com/,"mike@gulfbayhomewatch.com, user@domain.com"
"Cadence Community Management","1001 S Ft Harrison Ave #202, Clearwater, FL 33756, USA","(813) 553-6932",http://www.cadencecm.com/,info@cadencecm.com
"Horizon House Inc-Clearwater","31 Island Way, Clearwater, FL 33767, USA","(727) 253-4773",,
"LaRock Realty & Property Management - Sara LaRock, Real Estate Broker","2673 Sabal Springs Cir APT 106, Clearwater, FL 33761, USA","(727) 998-2040",http://www.listwithlarock.com/,
"Royal Vacation Clearwater","1226 S Missouri Ave, Clearwater, FL 33756, USA","(727) 260-7339",https://www.royalvacationclearwater.com/,
"Marie Batkiewicz - High Point Realty - Clearwater Realtor","413 Cleveland St, Clearwater, FL 33755, USA","(727) 967-2792",,
"A 1 property management llc","621 E St, Clearwater, FL 33756, USA","(813) 850-1112",,
"Dean & DeWitt Property Management","2852 20th Ave N, St. Petersburg, FL 33713, USA","(727) 820-0352",https://rentinstpete.com/,
"Dennis Property Management St. Petersburg","200 Central Ave Suite 526, St. Petersburg, FL 33701, USA","(727) 800-5444",https://www.dennisrealtyrentals.com/,"support@propertymanagerwebsites.com, shinfo@dennisrealty.com"
"Trident Property Management","9800 4th St N #200, St. Petersburg, FL 33702, USA","(727) 369-9821",http://www.tridentmanager.com/,info@tridentmanager.com
"Professional Bayway Management","10033 Dr M.L.K. Jr St N #300, St. Petersburg, FL 33716, USA","(727) 866-3115",http://www.pbmfla.com/?utm_campaign=gmb,
"Urban Core Properties","725 4th St N, St. Petersburg, FL 33701, USA","(727) 824-7091",https://www.urbancoreprops.com/,info@urbancoreprops.com
"Property Manangement Professionals of FL, LLC","3637 4th St N #230, St. Petersburg, FL 33704, USA","(727) 851-9511",http://residentialrentalsfl.com/,"info@pmpmgt.com, bill@pmpmgt.com"
"Vakationeer Property Management","7901 4th St N ste 5970, St. Petersburg, FL 33702, USA","(727) 900-5252",https://www.vakationeerowners.com/,"example@mail.com, 605a7baede844d278b89dc95ae0a9123@sentry-next.wixpress.com, 8eb368c655b84e029ed79ad7a5c1718e@sentry.wixpress.com"
"Keyrenter St Pete Property Management","150 153rd Ave Suite 204B, Madeira Beach, FL 33708, USA","(727) 202-2700",http://www.keyrenterstpete.com/,
"Supreme Property Management","333 3rd Ave N Suite 218, St. Petersburg, FL 33701, USA","(727) 643-0417",https://www.supremepropertymgt.com/,
"Terrier Management LLC","345 5th Ave N, St. Petersburg, FL 33701, USA","(727) 895-6090",http://www.terrierproperties.com/,terrierproperties@gmail.com
"Real Property Management Catalyst","7024 Central Ave, St. Petersburg, FL 33707, USA","(727) 202-9077",https://www.rpmcatalyst.com/?cid=LSTL_RPM000203&utm_source=gmb&utm_campaign=local&utm_medium=organic,
"Asset Management Real Estate - Real Estate and Property Management St Petersburg FL","5330 Central Ave, St. Petersburg, FL 33707, USA","(727) 820-1991",http://www.amreinc.com/,info@amreinc.com
"10 Stars Property Management Greater Clearwater, St-Petersburg & Tampa Bay","4921 71st Ave N, Pinellas Park, FL 33781, USA","(844) 707-3773",https://10starshomes.com/,sales@10starshomes.com
"FirstService Residential St. Petersburg","2870 Scherer Dr, St. Petersburg, FL 33716, USA","(727) 299-9555",https://www.fsresidential.com/florida/offices/st-petersburg,
"All County First Choice Property Management","4881 81st Ave N, Pinellas Park, FL 33781, USA","(727) 614-0076",http://www.allcountyfirstchoice.com/,
"Rex Rentals & Realty, Inc.","3110 1st Ave N #2n, St. Petersburg, FL 33713, USA","(727) 867-3767",http://rexrentals.com/,info@rexrentals.com
"Pristine Bay Realty & Rentals","1141 19th Ave N, St. Petersburg, FL 33704, USA","(727) 896-7875",https://pristinebayrealty.com/,info@pristinebayrealty.com
"All County Property Management Franchise Corporation","1700 66th St N Suite #402, St. Petersburg, FL 33710, USA","(855) 245-7368",https://www.allcountyfranchise.com/,"contact@allcountyprop.com, user@domain.com"
"Copeland Morgan LLC","5600 Dr M.L.K. Jr St N, St. Petersburg, FL 33703, USA","(727) 235-7988",https://www.copelandmorgan.com/,jeff@copelandmorgan.com
"Smith & Associates Property Management","1100 4th St N, St. Petersburg, FL 33701, USA","(727) 342-3800",http://smithpropertymgmt.com/,"ebarnes@smithandassociates.com, kpp78@hotmail.com, kcrowe@smithandassociates.com, sgay@smithandassociates.com, dkashou55@gmail.com, melissa@smithandassociates.com, mlmastry@gmail.com, akashou@smithandassociates.com, mbbyrd@smithandassociates.com, jacki.fabrizio@gmail.com, rhondac@smithandassociates.com, jgrant@smithandassociates.com, mkelly@smithandassociates.com, agrimaldi@smithandassociates.com, propertymanager@smithandassociates.com"
"Affordable Realty","2900 18th Ave S, St. Petersburg, FL 33712, USA","(727) 328-8070",,
"Journey Homes Inc.","1750 16th St S #35362, St. Petersburg, FL 33705, USA","(727) 667-0606",https://www.journeyhomesinc.com/,
"Rent Tampa Property Management, Inc","360 Central Ave Ste 800, St. Petersburg, FL 33701, USA","(813) 906-7700",https://www.rentintampa.com/,hello@rentintampa.com
"WRH Realty Services, LLC - St. Petersburg Headquarters","100 3rd St S #300, St. Petersburg, FL 33701, USA","(727) 892-3000",http://www.wrhrealty.com/,
"SunCoast Property Management Services","10681 Gulf Blvd #201, Treasure Island, FL 33706, USA","(727) 420-6973",http://www.suncoastpms.com/,drewcarlyle@kw.com
"Starka Property Management","3637 4th St N #320, St. Petersburg, FL 33704, USA","(727) 201-5242",http://www.starkapm.com/,"info@starkapm.com, 605a7baede844d278b89dc95ae0a9123@sentry-next.wixpress.com, dd0a55ccb8124b9c9d938e3acf41f8aa@sentry.wixpress.com, c183baa23371454f99f417f6616b724d@sentry.wixpress.com, 8c4075d5481d476e945486754f783364@sentry.io, 1eeb89147c984dc6bc3ffafd9e6cd089@sentry.wixpress.com, 2062d0a4929b45348643784b5cb39c36@sentry.wixpress.com, 8eb368c655b84e029ed79ad7a5c1718e@sentry.wixpress.com"
"Resource Property Management","5901 Sun Blvd STE 200, St. Petersburg, FL 33715, USA","(727) 864-0004",http://www.resourcepropertymgmt.com/,
"Arlington Management","735 Arlington Ave N #103, St. Petersburg, FL 33701, USA","(727) 209-2763",http://www.arlingtonmgt.com/,
"KBManagement Services","111 2nd Ave NE, St. Petersburg, FL 33701, USA","(727) 350-0379",http://www.kbmservicesgroup.com/,
"HR Rentals & Property Management","360 Central Ave Suite 800, St. Petersburg, FL 33701, USA","(727) 800-6630",http://www.hr-rentals.com/,
"Investors Choice Realty","2932 Central Ave, St. Petersburg, FL 33712, USA","(727) 317-6999",http://investorschoicesaintpete.com/,example@mail.com
"Vesta Property Services","8141 54th Ave N, St. Petersburg, FL 33709, USA","(727) 546-2485",https://vestapropertyservices.com/st-petersburg/,
"Jacana Property Management","234 4th St N, St. Petersburg, FL 33701, USA","(727) 482-2292",http://jacanaapartments.com/contact/,
"Pear Property Group, LLC","200 Central Ave 4th Floor, St. Petersburg, FL 33701, USA",,https://pearpropertygroup.com/,kbraun@pearpropertygroup.com
"Property Track Property Management","201 2nd Ave N, St. Petersburg, FL 33701, USA","(727) 641-1162",https://www.propertytrackinc.com/,
"Vector Commercial Real Estate Services","125 5th St S, St. Petersburg, FL 33701, USA","(727) 823-1230",http://www.vectorrealty.com/,"email@email.com, kheretick@vectorrealty.com, nwillis@vectorrealty.com, bkearney@vectorrealty.com, mheretick@vectorrealty.com, pheretick@vectorrealty.com, jsims@vectorrealty.com, mmassa@vectorrealty.com, mludwig@vectorrealty.com, edelgado@vectorrealty.com, awillis@vectorrealty.com"
"Rent a Home With Us - Property Management","100 Beach Dr NE #101st, St. Petersburg, FL 33701, USA","(727) 914-7575",http://www.rentahomewithus.com/,pmteam@bhhsflpg.com
"Birch Real Estate Services","136 4th St N Ste 325, St. Petersburg, FL 33701, USA","(727) 265-3144",http://www.birchrealestateservices.com/,
"Rent a Home With Us - Property Management","2300 4th St N, St. Petersburg, FL 33704, USA","(727) 835-3040",http://www.rentahomewithus.com/,pmteam@bhhsflpg.com
"Smith & Associates Real Estate","1100 4th St N, St. Petersburg, FL 33701, USA","(727) 342-3800",http://www.smithandassociates.com/,myemail@gmail.com
"BREP FL","150 2nd Ave NE UNIT 710, St. Petersburg, FL 33701, USA","(727) 498-8823",https://www.livebryten.com/,"hireus@livebryten.com, tracie.culler@livebryten.com"
"Let's Go One LLC dba Property One","100 2nd Ave S Suite 105s, St. Petersburg, FL 33701, USA","(727) 580-5402",https://letsgoone.com/,
"Clarke Realty","136 4th St N Suite 229, St. Petersburg, FL 33701, USA","(727) 308-1072",https://clarkerealtyflorida.com/,"jeffrey@clarkerealtyflorida.com, name@website.com"
"Genesis Martinez- REALTOR & Property Manager","216 Beach Dr NE, St. Petersburg, FL 33701, USA","(407) 637-4660",https://www.northstarrealty.com/agents/1936253/Genesis+Martinez,
"Luxury & Beach Realty, Inc","801 3rd St S, St. Petersburg, FL 33701, USA","(727) 800-5906",http://luxuryandbeachrealty.com/,"admin@luxuryandbeachrealty.com, johndoe@mail.com"
"Avalon Group Realty","260 1st Ave S Suite 200, St. Petersburg, FL 33701, USA","(727) 262-7920",https://avalongrouptampabay.com/,"aaron.hunt@lptrealty.com, adhunt333@gmail.com"
"Tampa Property Management Solutions","5020 W Linebaugh Ave, Tampa, FL 33624, USA","(813) 319-6240",,
"Advantage Realty Services, Inc","3337 W Bearss Ave, Tampa, FL 33618, USA","(813) 908-8300",http://advantage-properties.com/,karen@advantagerealtytampa.com
"PMI South Tampa","6209 S 3rd St, Tampa, FL 33611, USA","(931) 237-6592",,
"InvestPro Properties Inc.-Tampa","8875 Hidden River Pkwy #304, Tampa, FL 33637, USA","(813) 327-7336",https://investproinc.com/tampa-property-management/,
"Land Merchants Property Management","3802 Ehrlich Rd, Tampa, FL 33624, USA","(813) 960-7576",,
"We have no affiliation to Middletown Property Management.","3125 W Hillsborough Ave D-10, Tampa, FL 33614, USA",,,
"Bay Ridge Property Management","216 W Hyde Park Pl, Tampa, FL 33606, USA","(813) 251-2011",,
"Associa Gulf Coast","9887 4th St N #104, St. Petersburg, FL 33702, USA","(727) 577-2200",https://www.associagulfcoast.com/?utm_source=gmb&utm_medium=Yext&y_source=1_Mjc2NjU5MjQtNzE1LWxvY2F0aW9uLndlYnNpdGU%3D,npilafas@associagulfcoast.com
"Real Property Management Sunshine City","5666 Seminole Blvd Suite 104, Seminole, FL 33772, USA","(727) 625-4351",https://www.rpmsunshinecity.com/?cid=LSTL_RPM000203&utm_source=gmb&utm_campaign=local&utm_medium=organic,
"Affordable Realty","2900 18th Ave S, St. Petersburg, FL 33712, USA","(727) 328-8070",,
"Property Track","419 Barcelona Dr, St. Petersburg, FL 33716, USA","(727) 641-1162",http://www.propertytrackinc.com/,
"Arvana Property Management Inc","5675 34th St N, St. Petersburg, FL 33714, USA","(727) 526-5450",http://www.arvanapropertymanagement.com/,info@arvanapropertymanagement.com
"Mac Bauer Realty and Property Management","5420 Central Ave, St. Petersburg, FL 33707, USA","(727) 537-6431",http://www.macbauermanagement.com/,"c_0f1e7f0900255da544d1e841649f6e49b78ba4ba1a02c863c7ccd3a8f5df9218@group.calendar.google.com, info@macbauerrealty.com, isaiah@senecalgroup.pro, rachelc@macbauerrealty.com, nicholem@macbauerrealty.com, nathan@macbauerrealty.com"
"Westcoast Management & Realty Inc. - St Pete","5746 1st Ave N, St. Petersburg, FL 33710, USA","(813) 908-0766",http://www.wcmanagement.info/,service@wcmanagement.info
"EXFLEX Property Services","2813 Gulf to Bay Blvd #137, Clearwater, FL 33764, USA","(513) 713-1392",https://exflexpropertyservices.com/,"eric.r@exflex.com, eben@eyebytes.com, service@exflex.com, dawn.s@exflex.com"
"J B Management, Inc","2240 Belleair Rd Suite 100, Clearwater, FL 33764, USA","(727) 461-7700",,
"ALL PROP PROPERTY MANAGEMENT, LLC","1669 Dartmouth St, Clearwater, FL 33755, USA","(727) 410-6933",,
"Eckert Realty & Property Management","1938 N Hercules Ave, Clearwater, FL 33763, USA","(727) 240-0668",,
"1st Class Property Management","620 Bypass Dr suite 101, Clearwater, FL 33764, USA","(727) 797-7500",,
"Homes For Rent Tampa Bay","650 Cleveland St #395, Clearwater, FL 33757, USA","(813) 333-2332",,
"Wanek Property Management","2155 NE Coachman Rd, Clearwater, FL 33765, USA","(727) 442-3100",,
"Xenia Management Corporation","2340 Drew St, Clearwater, FL 33765, USA","(727) 726-4401",https://xeniamc.com/,careers@xeniamc.com
"Horizon House Inc-Clearwater","31 Island Way, Clearwater, FL 33767, USA","(727) 253-4773",,
"Real Property Management Freedom","1210 Millennium Pkwy # 1017, Brandon, FL 33511, USA","(813) 867-2667",https://www.freedomrpm.com/?cid=LSTL_RPM000203&utm_source=gmb&utm_campaign=local&utm_medium=organic,
"PMI Hillsborough","1460 Oakfield Dr, Brandon, FL 33511, USA","(813) 940-7676",https://www.brandonvacationrentalmanagementinc.com/,"tony@pmihillsborough.com, sonia@pmihillsborough.com"
"Real Property Management Empire","2238 Lithia Center Ln, Valrico, FL 33596, USA","(813) 867-7300",https://www.rpm-empire.com/?cid=LSTL_RPM000203&utm_source=gmb&utm_campaign=local&utm_medium=organic,
"HOMM Real Estate Services","110 W Robertson St, Brandon, FL 33511, USA","(813) 684-5954",http://www.hommsales.com/,
"Vesta Property Services","1020 E Brandon Blvd STE 207, Brandon, FL 33511, USA","(727) 258-0092",http://vestapropertyservices.com/,
"McNeil Management Services","1463 Oakfield Dr #142, Brandon, FL 33511, USA","(813) 571-7100",http://www.mcneilmsi.com/,
"Michael Zick Property Manager-Realtor @The Zick Real Estate & Property Management Group-Pineywoods Realty","504 S Kings Ave # 1, Brandon, FL 33511, USA","(813) 917-0107",,
"Kings Realty & Property Management","504 S Kings Ave # 1, Brandon, FL 33511, USA",,,
"Eaton Realty | Local Realtors & Property Management","14012 Spector Rd, Lithia, FL 33547, USA","(813) 544-6597",https://www.eatonrealty.com/?utm_source=google&utm_medium=organic&utm_campaign=gmb,info@eatonrealty.com
"JEROME PROPERTY MANAGEMENT llc","4833 Coral St, Zephyrhills, FL 33542, USA","(813) 778-1882",https://jeromepropertymanagement.com/,"605a7baede844d278b89dc95ae0a9123@sentry-next.wixpress.com, 8c30b2581acc426badc414e8a5dc04ef@sentry.wixpress.com, ed436f5053144538958ad06a5005e99a@sentry.wixpress.com, 460ff4620fa44cba8df530afde949785@sentry.wixpress.com, 8eb368c655b84e029ed79ad7a5c1718e@sentry.wixpress.com, 2062d0a4929b45348643784b5cb39c36@sentry.wixpress.com, 271e9fa3230b4eec94b02bf95780f5f2@sentry.wixpress.com, jeromepm@gmx.com"
"Hague Property Management Team","2234 Lithia Center Ln, Valrico, FL 33596, USA","(813) 716-6572",http://haguepropertymanagementteam.com/,"bill@haguepmteam.com, jonpinhorn.typedesign@gmail.com, amkryukov@gmail.com"
"Blue Ribbon Property Management LLC","2406 FL-60, Valrico, FL 33595, USA","(813) 684-9374",http://www.blueribbontampa.com/contact.html,
"Susan Wilson Realtor/ Property Manager/Tenant Placement RE/MAX Realty Unlimited","2020 W Brandon Blvd, Brandon, FL 33511, USA","(813) 300-6800",http://www.tbohomes.com/,
"Century 21 Circle Property Management","1146 Bell Shoals Rd Suite #102, Brandon, FL 33511, USA","(813) 661-5331",http://www.flproperties.com/,
"Concord Management Ltd","1722 Lakewood Shores Ln, Brandon, FL 33510, USA","(813) 571-8300",http://www.concordrents.com/,
"Property Manager | Real Estate Agent | John Ortiz | Homm Sales","110 W Robertson St, Brandon, FL 33511, USA","(813) 549-9411",http://www.hommsales.com/,
"Dowgal Community Association Services","2712 King Surrey Ct, Valrico, FL 33596, USA","(813) 819-0099",http://dowgalcas.com/,"sales@dowgalcas.com, info@yourmail.com, info@dowgalcas.com"
"Basic HOA","1315 Oakfield Dr, Brandon, FL 33511, USA","(813) 337-7330",https://basichoa.com/,basichoa@gmail.com
"Tracy Walker | Florida Realtor","2020 W Brandon Blvd ste 145, Brandon, FL 33511, USA","(630) 885-0937",https://linktr.ee/dreamhomesbytracyw,dreamhomesbytracyw@gmail.com
"Weichert Realtors Brandon Realty","211 N Parsons Ave, Brandon, FL 33510, USA","(813) 689-1500",http://www.brandonrealtyinc.com/,
"Vanguard Management group","1219 Millennium Pkwy #133, Brandon, FL 33511, USA","(813) 930-8036",http://www.vanguardmanagementgroup.com/,
"Burley Business Centers, LLC","1375 Oakfield Dr, Brandon, FL 33511, USA","(813) 685-1585",http://burleybusinesscenters.com/,
"Florida Realty Unlimited, LLC","902 W Lumsden Rd STE. 103, Brandon, FL 33511, USA","(813) 681-1133",https://www.floridarealtyunlimited.com/,info@floridarealtyunlimited.com
"International Realty Plus Tampa Bay","1313 Providence Rd, Brandon, FL 33511, USA","(813) 684-3700",http://www.irptampabay.com/,"irptampabay@verizon.net, emailmybroker@verizon.net"
"First In Property Management","2604 Cypress Ridge Blvd. Suite 102G, Wesley Chapel, FL 33544, USA","(813) 345-8559",http://www.firstinpropertymanagement.com/,
"Blue Hawk Property Management","5450 Bruce B Downs Blvd STE 190, Wesley Chapel, FL 33544, USA","(813) 568-9111",https://bluehawkpropertymanagement.com/contact/,info@bluehawkpropertymanagement.com
"All County Alliance Property Management","5814 Old Pasco Rd, Wesley Chapel, FL 33544, USA","(813) 940-7500",https://allcountyalliance.com/,
"Real Property Management Blue Sky","25200 Sawyer Francis Ln suite 109, Lutz, FL 33559, USA","(813) 625-9595",https://www.rpmbluesky.com/?cid=LSTL_RPM000203&utm_source=gmb&utm_campaign=local&utm_medium=organic,matt@rpmbluesky.com
"Stress Free Property Management","27453 Cashford Cir, Wesley Chapel, FL 33544, USA","(813) 386-5922",,
"Home Locators Property Management","211 Crystal Grove Blvd Ste. 101, Lutz, FL 33548, USA","(813) 908-8555",https://homelocatorspropertymanagement.com/,"info@sampleaddress.com, bob.kinkade@tampalocators.com"
rentHoot,"28210 Paseo Drive suite 190-260, Wesley Chapel, FL 33543, USA","(888) 402-4668",https://www.renthoot.com/,hello@renthoot.com
"RENOSY by Renters Warehouse Tampa","16703 Early Riser Ave Suite 109, Land O' Lakes, FL 34638, USA","(813) 473-6100",https://renterswarehouse.com/offices/tampa?utm_source=google&utm_medium=organic&utm_campaign=google_business_profile,
"Doyle & McGrath Real Estate and Property Management","19005 Dale Mabry Hwy, Lutz, FL 33548, USA","(813) 948-7368",http://www.doylemcgrath.com/,
"Inframark Community Management West Florida","2654 Cypress Ridge Blvd. STE 101, Wesley Chapel, FL 33544, USA","(281) 870-0585",https://www.inframark.com/community-management/,kelly.dixon@inframark.com
"Better Realty Services, LLC","2600 Cypress Ridge Blvd., Wesley Chapel, FL 33544, USA","(813) 793-4380",http://www.betterrealtyservices.com/,"katrieger@gmail.com, betterrealtyservices@gmail.com"
"PMI JCM Realty Group","11700 N 58th St Suite H, Temple Terrace, FL 33617, USA","(813) 333-9617",https://www.tampapropertymanagementinc.com/,rcharles@propertymanagementinc.com
"Sunshine Rental Holdings LLC","29147 Bay Hollow Dr APT 3217, Wesley Chapel, FL 33543, USA","(813) 212-6952",https://sunshinerentalholdings.com/,contact@sunshinerentalholdings.com
"Jason and Jen Catalanotto - Lifestyle Home Team - LPT Realty","28210 Paseo Drive Suite 190, Wesley Chapel, FL 33543, USA","(813) 553-6872",,
"Always Family First Management","27027 Fordham Dr, Wesley Chapel, FL 33544, USA","(813) 400-0586",https://alwaysfamilyfirstllc.com/,"user@domain.com, alwaysfamilyfirstmanagement@gmail.com, alwaysfamilyfirstmanagement@gmai.com"
"Stellar Real Estate Group","2831 Allegra Wy #105, Lutz, FL 33559, USA","(813) 479-6868",https://www.stellarhomepros.com/,info@stellarrealtypros.com
"Relevé Property Management","18799 Hampstead Heath Ct, Land O' Lakes, FL 34638, USA","(813) 995-7670",,
"The Roman Group - Century 21 BE3","6013 Wesley Grove Blvd STE 206, Wesley Chapel, FL 33544, USA","(813) 406-4274",http://www.romanagents.com/,
"7 BLUE LLC","28210 Paseo Drive Suite 190, Wesley Chapel, FL 33543, USA","(813) 842-0412",https://7bluehomes.com/en/contact.html,info@7bluehomes.com
"The Innovation Group powered by LPT Realty LLC","6013 Wesley Grove Blvd Building 2, Suite 208-4, Wesley Chapel, FL 33544, USA","(813) 285-4663",http://www.innovationgroupfl.com/,
"Good 2 Go Realty","2406 Cypress Gln Dr #101, Wesley Chapel, FL 33544, USA","(352) 340-4301",https://www.good2goservices.com/,info.g2gproperty@gmail.com
"Keyrenter Property Management Sarasota","677 N Washington Blvd, Sarasota, FL 34236, USA","(941) 233-5200",https://keyrentersarasota.com/,
"Gulf Coast Property Management","11051 Gatewood Dr, Bradenton, FL 34211, USA","(941) 782-1559",https://www.choosegulfcoast.com/lakewood-ranch-property-management/,info@choosegulfcoast.com
"Rent Sarasota, LLC","1000 N East Ave #2, Sarasota, FL 34237, USA","(941) 328-8999",http://rentsrq.com/,hrossi@rentsrq.com
"Sarasota Management & Leasing","70 Sarasota Center Blvd, Sarasota, FL 34240, USA","(941) 377-8400",http://www.sarasotamanagement.com/,"info@sarasotamanagement.com, info@www.sarasotamanagement.com"
"Gulf Coast Property Management","243 N Lime Ave, Sarasota, FL 34237, USA","(941) 213-4800",https://www.choosegulfcoast.com/sarasota-property-management/,info@choosegulfcoast.com
"Relax Property Management","3683 Webber St, Sarasota, FL 34232, USA","(941) 923-7200",https://www.relaxpropertymanagement.com/,relaxplatt@gmail.com
"PMI Southwest Florida (formerly Ryntal Property Management)","7192 21st St E, Sarasota, FL 34243, USA","(941) 343-4526",http://www.pmiswfl.com/,"steve@pmiswfl.com, karen@pmiswfl.com"
"Real Property Management Suncoast","5250 17th St Ste.106, Sarasota, FL 34235, USA","(941) 309-1111",https://www.rpmsuncoast.com/?cid=LSTL_RPM000203&utm_source=gmb&utm_campaign=local&utm_medium=organic,
"Florida West Coast Property Management","9114 58th Dr E #108, Bradenton, FL 34202, USA","(941) 444-5964",http://floridawestcoastpropertymanagement.com/,
"PMI Southwest Florida","7192 21st St E, Sarasota, FL 34243, USA","(941) 237-0011",https://www.sarasotapropertymanagementinc.com/,"steve@pmiswfl.com, karen@pmiswfl.com"
"Ascendia Group Property Management","5127 Ocean Blvd, Siesta Key, FL 34242, USA","(941) 306-4242",https://www.ascendiagroup.com/,"rentals@ascendiagroup.com, sales@ascendiagroup.com, rentals@ascendiagroup.comsales"
"BG Realty & Management, LLC","1990 Main St Suite 750, Sarasota, FL 34236, USA","(941) 263-0778",https://www.bgrealty.com/,info@bgrealty.com
"Paradise Palms Property Management","8433 Enterprise Cir Suite 100-318, Lakewood Ranch, FL 34202, USA","(941) 203-1637",https://www.pm941.com/,hello@pm941.com
"Real Property Management of Sarasota Manatee","8586 Potter Park Dr Suite 102, Sarasota, FL 34238, USA","(941) 225-8183",https://www.rpmsaramana.com/?cid=LSTL_RPM000203&utm_source=gmb&utm_campaign=local&utm_medium=organic,
"All County Gulf Coast Property Management","1207 Sarasota Center Blvd, Sarasota, FL 34240, USA","(941) 244-9550",http://allcountygc.com/,
"Gulf Coast Property Management","501 Village Green Pkwy # 21, Bradenton, FL 34209, USA","(941) 827-0706",https://www.choosegulfcoast.com/bradenton-property-management/,info@choosegulfcoast.com
"All County Property Management Pros","4159 Clark Rd, Sarasota, FL 34233, USA","(941) 404-2711",https://www.allcountypros.com/,
"Stringer Management Inc","6524 Superior Ave, Sarasota, FL 34231, USA","(941) 922-4959",https://stringermanagement.com/,
"Prestigious Property Management","3120 Southgate Cir, Sarasota, FL 34239, USA","(941) 365-6551",http://www.rentalsppm.com/,info@rentalsppm.com
"Access Management | Realty | Lifestyle | Maintenance","2970 University Pkwy #104, Sarasota, FL 34243, USA","(888) 813-3435",https://www.accessdifference.com/,"john@email.com, office@execor.com, contactus@accessdifference.com"
"Gulf Coast Property Management","1846 S Tamiami Trl # 15, Venice, FL 34293, USA","(941) 552-4200",https://www.choosegulfcoast.com/venice-property-management/,info@choosegulfcoast.com
"American Property Group of Sarasota, Inc.","7750 S Tamiami Trl, Sarasota, FL 34231, USA","(941) 923-0535",https://americanpropertygroup.com/,"user@domain.com, marketing@americanpropertygroup.com"
"Suncoast Leasing and Management","4152 Lakewood Ranch Blvd Suite 22, Bradenton, FL 34211, USA","(941) 993-2020",https://suncoastleasingandmanagement.com/,
"Sentry Management, Inc.","5969 Cattleridge Blvd STE 203, Sarasota, FL 34232, USA","(941) 361-1222",https://www.sentrymgt.com/offices/sarasota/,
"iTrip Vacations Siesta Key (Sarasota-Venice)","5774 S Tamiami Trl, Sarasota, FL 34231, USA","(941) 225-2145",https://www.sarasotapropertymanagement.co/,sarasotabeachsales@itrip.net
"Mount Vernon Property Management, Inc","5602 Marquesas Cir #102, Sarasota, FL 34233, USA","(941) 957-4663",http://www.mountvernonpm.com/,leasing@mountvernonpm.com
"Lindsay Leasing LLC","2875 Ashton Rd #17343, Sarasota, FL 34276, USA","(941) 404-8880",https://lindsayleasing.com/,
"A & R Property Management, LLC","3205 Southgate Cir #102, Sarasota, FL 34239, USA","(941) 909-6915",https://aandrpropertymgmt.managebuilding.com/,
"Pesch Property Management LLC","1748 Independence Blvd, Sarasota, FL 34234, USA","(941) 600-9888",https://peschpropertymanagement.godaddysites.com/,"peschpropertymanagement@gmail.com, micah@micahrich.com"
"FirstService Residential Sarasota","6901 Professional Pkwy E, Lakewood Ranch, FL 34240, USA","(941) 202-1694",https://www.fsresidential.com/florida/,
"Secure Door Property Management","8065 S Beneva Rd Ste 7, Sarasota, FL 34238, USA","(941) 231-4065",https://www.securedoorpm.com/,
"ICORR Properties","2 N Tamiami Trl #710, Sarasota, FL 34236, USA","(941) 954-2300",https://icorr.com/,"service@icorr.com, 605a7baede844d278b89dc95ae0a9123@sentry-next.wixpress.com, 8eb368c655b84e029ed79ad7a5c1718e@sentry.wixpress.com"
"Progressive Community Management, Inc.","3701 S Osprey Ave Suite 217, Sarasota, FL 34239, USA","(941) 921-5393",http://www.pcmfla.com/,office@pcmfla.com
"Rentpro Management","1680 Fruitville Rd #204, Sarasota, FL 34236, USA","(941) 361-9028",https://rentpromanagement.com/,info@rentpromanagement.com
"RoseBay Rentals and Property Management Division","1815 S Osprey Ave, Sarasota, FL 34239, USA","(941) 366-7673",http://www.rosebayrentals.com/,
"Florida Suncoast Property Management, LLC","1972 Hillview St Ste. 102, Sarasota, FL 34239, USA","(941) 623-9800",https://floridasuncoastpropertymanagement.com/sarasota-property-management/,
"Jennette Properties","5899 Whitfield Ave #200, Sarasota, FL 34243, USA","(941) 359-3435",http://www.jennetteproperties.com/,
"Executive Property Management Group, Inc","1751 Mound St Suite 206, Sarasota, FL 34236, USA","(941) 365-0200",http://executivepropertymanagementgroup.com/,
"Blue Sky Real Estate - Sarasota Property Management","3687 Kingston Blvd, Sarasota, FL 34238, USA","(941) 587-3492",http://sarasotapropertymanager.com/,"contact@sansoxygen.com, blueskyrealestatefl@gmail.com"
"SRQ Properties","1188 N Tamiami Trl #105, Sarasota, FL 34236, USA","(833) 668-7462",https://www.srq-properties.com/,"605a7baede844d278b89dc95ae0a9123@sentry-next.wixpress.com, 2062d0a4929b45348643784b5cb39c36@sentry.wixpress.com"
"Jennette Properties","1743 Fruitville Rd, Sarasota, FL 34236, USA","(941) 953-6000",http://www.jennetteproperties.com/,
"Pinnacle Community Association Management","3307 Clark Rd #201, Sarasota, FL 34231, USA","(941) 444-7090",http://www.pinnaclecam.com/,
"Sunstate Association Management Group","5602 Marquesas Cir #103, Sarasota, FL 34233, USA","(941) 870-4920",http://www.sunstatemanagement.com/,invoices@sunstatemanagement.com
"Home & Condo Rentals, Inc.","704 W Venice Ave, Venice, FL 34285, USA","(941) 484-0670",http://www.homeandcondo.com/,"support@propertymanagerwebsites.com, bwalker@homeandcondo.com, mwalker@homeandcondo.com, lwasgatt@homeandcondo.com, dbrandow@homeandcondo.com, egordy@homeandcondo.com, sbrandow@homeandcondo.com, jdalton@homeandcondo.com, hharris@homeandcondo.com, vharris@homeandcondo.com, victorharris@homeandcondo.com"
"Associa Gulf Coast","101 Paramount Dr Suite 102, Sarasota, FL 34232, USA","(941) 552-1598",https://www.associagulfcoast.com/?utm_source=gmb&utm_medium=Yext&y_source=1_Mjc2NjU4ODktNzE1LWxvY2F0aW9uLndlYnNpdGU%3D,npilafas@associagulfcoast.com
"Red Property Management","555 S Osprey Ave, Sarasota, FL 34236, USA","(941) 954-4044",http://redcommercialgroup.com/,
"Miller Management Services Inc","2848 Proctor Rd, Sarasota, FL 34231, USA","(941) 923-5811",http://www.millermanagementservices.com,millermgt@mindspring.com
"Casey Realty Corporation","4370 S Tamiami Trl #102, Sarasota, FL 34231, USA","(941) 922-3391",,
"Pineapple Property Management - Sarasota Property Management","1549 Ringling Blvd Suite 600, Sarasota, FL 34236, USA","(941) 351-0430",http://www.srqonthewater.com/,"filler@godaddy.com, lisa@srqonthewater.com"
"Casey Condominium Management","4370 S Tamiami Trl #102, Sarasota, FL 34231, USA","(941) 922-3391",http://caseymanagement.com/,"bspence@caseymanagement.com, 605a7baede844d278b89dc95ae0a9123@sentry-next.wixpress.com, 8eb368c655b84e029ed79ad7a5c1718e@sentry.wixpress.com"
"Stokes Property Management","3053 51st St, Sarasota, FL 34234, USA","(941) 355-4880",,
"Hembree & Associates Inc","2398 Fruitville Rd, Sarasota, FL 34237, USA","(941) 951-1776",https://hembreeco.com/,
"Ian Black Real Estate","1 S School Ave #600, Sarasota, FL 34237, USA","(941) 906-8688",http://ian-black.com/?utm_source=google&utm_medium=wix_google_business_profile&utm_campaign=3252963191890627413,"info@ian-black.com, 605a7baede844d278b89dc95ae0a9123@sentry-next.wixpress.com, dd0a55ccb8124b9c9d938e3acf41f8aa@sentry.wixpress.com, c183baa23371454f99f417f6616b724d@sentry.wixpress.com, ed436f5053144538958ad06a5005e99a@sentry.wixpress.com, 460ff4620fa44cba8df530afde949785@sentry.wixpress.com, 9a65e97ebe8141fca0c4fd686f70996b@sentry.wixpress.com, 2062d0a4929b45348643784b5cb39c36@sentry.wixpress.com, 271e9fa3230b4eec94b02bf95780f5f2@sentry.wixpress.com"
"Happy Home Watch of Sarasota","503 Ohio Pl, Sarasota, FL 34236, USA","(941) 320-2541",http://happyhomewatchofsarasota.com/,"happyhomewatchofsarasota@gmail.com, 605a7baede844d278b89dc95ae0a9123@sentry-next.wixpress.com, 8eb368c655b84e029ed79ad7a5c1718e@sentry.wixpress.com, 2062d0a4929b45348643784b5cb39c36@sentry.wixpress.com"
"RoseBay International Realty, Inc","1815 S Osprey Ave, Sarasota, FL 34239, USA","(941) 366-7673",http://www.rosebay.com/,srqadmin@rosebay.com
"Property Solutions Group","7000 Gulf of Mexico Dr, Longboat Key, FL 34228, USA","(941) 383-2727",http://propertymanagerpsg.com/,
"Elliott & Eijo","230 Doris Dr, Lakeland, FL 33813, USA","(863) 333-5161",https://mylakelandhome.com/,
"Atrium Management Company","704 Florida Ave S, Lakeland, FL 33801, USA","(407) 585-2721",http://www.atriummanagement.com/,info@atriummanagement.com
"PMI Arrico Realty and Property Management (Lakeland)","2225 E Edgewood Dr Suite 4, Lakeland, FL 33803, USA","(863) 606-1094",https://www.lakelandpropertymanagementinc.com/,shannon@arricorealty.com
"Land South Properties and Management","4701 Old Rd 37, Lakeland, FL 33813, USA","(863) 937-8867",https://landsouthmanagement.com/,"lsm@landsouthgroup.com, meghan@landsouthgroup.com, meghan@landsouthmanagement.com"
"All County Polk Property Management","225 S Ingraham Ave #4, Lakeland, FL 33801, USA","(863) 510-5965",https://www.allcountyprop.com/locations/florida/lakeland/,
"Smart Properties Management, LLC","229 N Tennessee Ave, Lakeland, FL 33801, USA","(863) 940-4800",http://www.lakelandflrental.com/,smartproperties.admin@gmail.com
"Superior Property Management & Sales, LLC.","5324 US Hwy 98 N, Lakeland, FL 33809, USA","(863) 853-2770",http://www.mysuperiorproperty.com/,info@mysuperiorproperty.com
"Straight Up Realty & Property Management LLC","705 N Lake Parker Ave, Lakeland, FL 33801, USA","(863) 698-7547",http://www.straightuprealtyandpm.com/,straightuprealtyandpm@gmail.com
"Real Asset Realty & Property Management","1102 Florida Ave S, Lakeland, FL 33803, USA","(863) 272-9885",https://www.realassetrealty.com/,info@realasset.net
"Lakeland Property Management","1526 Commercial Park Dr, Lakeland, FL 33801, USA",,https://lakelandpropertymgmt.com/contact-us/,straightuprealtyandpm@gmail.com
"Highland Community Management","4110 Florida Ave S Suite 200, Lakeland, FL 33813, USA","(863) 940-2863",https://hcmanagement.org/,info@hcmanagement.org
"CARDINALS PROPERTY PRESERVATION","304 E Pine St, Lakeland, FL 33801, USA","(863) 225-3633",,
"Berkshire Management Group","4110 Florida Ave S #110, Lakeland, FL 33803, USA","(863) 940-8789",http://www.rentwithberkshire.com/,info@rentwithberkshire.com
"Lakeland Homes & Realty, LLC","2130 E Edgewood Dr # 1, Lakeland, FL 33803, USA","(863) 248-7260",https://www.lakelandhomesandrealty.com/,milton@lakelandhomesandrealty.com
"Royal Swan Properties","1979 E Edgewood Dr ste 107, Lakeland, FL 33803, USA","(863) 315-8919",http://www.royalswanproperties.com/,info@royalswanproperties.com
"S&D Real Estate Property Management","230 Doris Dr, Lakeland, FL 33813, USA","(863) 824-7169",http://www.polkrental.com/,agentcare@sanddrealestate.com
"Nearby Property Management","1180 Old Lake Alfred Rd, Auburndale, FL 33823, USA","(407) 243-8857",http://nearbypropertymanagement.com/,"support@nearbyrealtyhomes.com, user@domain.com"
"Bosun Properties Management, LLC","231 N Kentucky Ave ste 215, Lakeland, FL 33801, USA","(863) 450-4543",,
"S&D Real Estate Services, LLC","230 Doris Dr, Lakeland, FL 33813, USA","(863) 824-7169",https://www.sanddrealestate.com/,agentcare@sanddrealestate.com
"House of Glass Real Estate & Property Management, LLC","604 Robin Rd, Lakeland, FL 33803, USA","(863) 940-3756",https://houseofglassrealestate.com/contact-us/,
"Aia Property Management Services","2108 E Edgewood Dr, Lakeland, FL 33803, USA",,http://www.aiapropertymanagement.com/,"james@aiapropertymanagement.com, steve@aiapropertymanagement.com, darlene@aiapropertymanagement.com, glenda@aiapropertymanagement.com, ravi@aiapropertymanagement.com, shelby@aiapropertymanagement.com, barbara@aiapropertymanagement.com, kathleen@aiapropertymanagement.com"
"Danjo Managed Executive Properties, Inc.","931 Florida Ave S, Lakeland, FL 33803, USA","(863) 646-3040",http://www.danjoproperties.com/,
"Property Management","4175 Pipkin Rd S, Lakeland, FL 33811, USA","(863) 646-1116",,
"At Your Service Realty LLC","3050 Atlantic Ave, Lakeland, FL 33803, USA","(863) 665-5663",https://www.atyourservicerealty.net/,
"Home Rental Florida","909 E Parker St, Lakeland, FL 33801, USA",,http://www.homerentalflorida.com/,info@homerentalflorida.com
"Tenant Screening Now","2401 Florida Ave S, Lakeland, FL 33803, USA","(727) 781-1601",https://www.tenantscreeningnow.com/,"tenantscreeningnow@gmail.com, yesserno@gmail.com"
"Jake Bellamy - RE/MAX Experts","439 Florida Ave S #201, Lakeland, FL 33801, USA","(863) 838-7804",https://www.myrentalexperts.com/,"bellamy.jake@gmail.com, user@domain.com, mario@lowrycreative.com"
"Berkshire Management Group","4110 Florida Ave S, Lakeland, FL 33813, USA","(863) 940-9789",https://www.rentwithberkshire.com/contact,info@rentwithberkshire.com
"Lakeland Hometown Properties","2050 Edgewood Dr S suite 113, Lakeland, FL 33803, USA","(863) 456-1374",https://www.wearelakeland.com/,team@wearelakeland.com
"RM Properties & Rental Management, Inc.","7116 Colonial Lake Dr, Riverview, FL 33578, USA","(863) 712-4037",http://rmpropertiesandmgt.com/,
"Sellstate Centric Realty","2031 E Edgewood Dr # 4, Lakeland, FL 33803, USA","(863) 225-2624",https://www.sellstatecentric.com/,
"Central Florida Property Management","333 N Fern Creek Ave #101, Orlando, FL 32803, USA","(407) 429-4834",https://cflpropmanagement.com/,
"The Agency Realty Group","122 E Main St #202, Lakeland, FL 33801, USA","(863) 338-0765",http://www.argrealtyfl.com/,info@argrealtyfl.com
"Hosanna Real Estate Services, Inc.","117 N Eastside Dr, Lakeland, FL 33801, USA","(863) 698-7856",https://hosannarealestate.com/,hres.316@gmail.com
"Baron Realty, Inc.","1661 Williamsburg Square, Lakeland, FL 33803, USA","(863) 607-4100",http://www.baronrealty.com/,officemanager@baronrealty.com
"Amplify Real Estate Services","231 N Kentucky Ave #220, Lakeland, FL 33801, USA","(509) 294-7551",https://amplify-re.com/,
"Premier Realty Network, Inc.","2123 Harden Blvd, Lakeland, FL 33803, USA","(863) 646-6688",http://premierrealtynetwork.com/,
"M & B Properties","2133 Harden Blvd #120, Lakeland, FL 33803, USA","(863) 499-5326",,
"Henderson Properties, LLC","53 Lake Morton Dr, Lakeland, FL 33801, USA",,,
"Avery Properties Inc","3838 Florida Ave S Suite 2, Lakeland, FL 33813, USA","(863) 682-1902",,
"Real Property Management South Orlando","5728 Major Blvd Suite 710, Orlando, FL 32819, USA","(407) 982-2000",https://www.southorlandorpm.com/?cid=LSTL_RPM000203&utm_source=gmb&utm_campaign=local&utm_medium=organic,
"Lorio & Associates Realtors","1820 Florida Ave S, Lakeland, FL 33803, USA","(863) 680-1628",http://www.lorio.com/,
"Tyler Properties","1543 Lakeland Hills Blvd, Lakeland, FL 33805, USA","(863) 687-0406",http://www.tylerproperties.net/,
Realovative,"208 S Lake Ave, Lakeland, FL 33801, USA","(863) 393-6758",http://realovative.com/,"info@realovative.com, example@mail.com"
"Gulf Income Properties","1201 6th Ave W Suite 215, Bradenton, FL 34205, USA","(941) 720-5656",https://www.gulfincomeproperties.com/,contact@gulfincomeproperties.com
"Anchor Down Real Estate & Rentals","4308 75th St W Unit B, Bradenton, FL 34209, USA","(941) 301-8629",https://anchordownmanagement.com/,"info@anchordownre.com, info@anchordownpropertymanagement.com"
"Oakleaf Property Management","715 4th St W, Palmetto, FL 34221, USA","(941) 741-2360",http://www.oakleafpropertymanagement.com/,
"Perla's Properties, LLC","3711 Cortez Rd W #150, Bradenton, FL 34210, USA","(941) 812-7216",https://www.perlasproperties.com/,perla.rents@gmail.com
"ICON Management","5540 FL-64 Suite 220, Bradenton, FL 34208, USA","(941) 747-7261",http://www.theiconteam.com/,"43920f745151c52257a2f43a76dab2d2@o4506356261584896.ingest.us.sentry.io, d4682e5d0b79cf8878c78e37e3ad4a33@o4506356261584896.ingest.us.sentry.io, 119df1c46fdf376d67b6b34072006fd9@o4506356261584896.ingest.us.sentry.io"
"C & S Community Management","4301 32nd St W a20, Bradenton, FL 34205, USA","(941) 758-9454",https://www.cscmsi.com/,
"Anna Maria Rental Properties","1603 Gulf Dr N #14, Bradenton Beach, FL 34217, USA","(941) 744-7179",https://www.annamariarentalproperties.com/,ken.wilson@bizcor.com
"At the HELM Property Management, LLC","8106 Cortez Rd W, Bradenton, FL 34210, USA","(941) 782-8307",http://www.atthehelmfl.com/,"support@webador.com, maggie@thehelmfl.com, info@thehelmfl.com, info@bestwaterheater.com"
"Newby Management","3310 US-301, Ellenton, FL 34222, USA","(941) 721-0046",http://www.newbymanagement.com/,
"Priority Real Estate Management, LLC","4469 67th St E, Bradenton, FL 34203, USA","(941) 504-3427",http://www.priorityrealestatemanagement.com/#!contact_us/c13vo,605a7baede844d278b89dc95ae0a9123@sentry-next.wixpress.com
"Real Property Management Coastline","1201 6th Ave W suite 226, Bradenton, FL 34205, USA","(941) 557-2527",https://www.rpmcoastline.com/?cid=LSTL_RPM000203&utm_source=gmb&utm_campaign=local&utm_medium=organic,
"City Luxe Property & Community Association Management","1023 Manatee Ave W suite 409, Bradenton, FL 34205, USA","(941) 226-0431",https://cityluxepcam.com/,"user@domain.com, realtor@cityluxerealty.com"
"The O'Steen Group, Inc.","6680 Cortez Rd W, Bradenton, FL 34210, USA","(941) 527-4227",http://www.theosteengroup.com/,
"Dream Star Vacation Homes & Real Estate LLC","1001 Carlton Arms Blvd, Bradenton, FL 34208, USA","(941) 545-8662",https://www.dreamstarvacation.com/,
"Progress Residential","1500 15th Ave Dr E Suite 103, Palmetto, FL 34221, USA","(941) 299-0188",https://rentprogress.com/homes-for-rent/market-sarasota-fl?cid=biz_lead_demand_sarasota_na_organic-media_yext_07082025,
"RentPro Management","4654 East, FL-64 #158, Bradenton, FL 34208, USA","(941) 361-9028",http://rentpromanagement.com/,info@rentpromanagement.com
"Wagner Realty, Anna Maria Island Rentals & Property Management","3226 E Bay Dr, Holmes Beach, FL 34217, USA","(941) 778-2246",https://wagnerrealtyvacationrentals.com/,
"City Luxe Realty","1023 Manatee Ave W suite 409, Bradenton, FL 34205, USA","(941) 226-0431",http://cityluxerealty.com/,"user@domain.com, realtor@cityluxerealty.com"
"NDC Asset Management","1001 3rd Ave W Suite 200, Bradenton, FL 34205, USA","(941) 907-4109",http://www.ndcassetmanagement.com/,information@ndcassetmanagement.com
"Marcus & Company Realty, LLC","1301 6th Ave W Suite 105, Bradenton, FL 34205, USA","(941) 932-8550",http://www.marcusandcompanyrealty.com/,
"Coastal Community Management, Inc.","4038 20th St W, Bradenton, FL 34205, USA","(941) 932-8064",,
"Property Wise Guys","522 9th St W Suite D, Bradenton, FL 34205, USA","(941) 444-0454",https://propertywiseguys.com/,info@propertywiseguys.com
"ResCom Real Estate Management","3639 Cortez Rd W, Bradenton, FL 34210, USA","(941) 800-3601",https://rescom-realestate.com/about-us,impallari@gmail.com
"Growth Knowledge Worldwide Inc.","6302 Manatee Ave W suite E2C, Bradenton, FL 34209, USA","(877) 301-0770",https://growthkww.com/,
"Gulf Coast Vacation Rentals Bradenton","501 Village Green Pkwy # 21, Bradenton, FL 34209, USA","(941) 782-1559",https://www.gcvacationrentals.com/bradenton-office,"info@gcvacationrentals.com, ken.wilson@bizcor.com"
"Richman Property Services","1408 N Westshore Blvd #708, Tampa, FL 33607, USA","(813) 262-0401",https://richmanpropertyservices.com/?utm_source=Google&utm_medium=Yext,
"Emperor Rentals","6319 S Roberts Ave, Tampa, FL 33616, USA","(813) 575-7777",http://www.emperorrentals.com/,
"Tampa Bay Area Property Manager/John Williams","1022 Land O' Lakes Blvd, Lutz, FL 33549, USA","(813) 758-4178",http://www.dennisrealtyrentals.com/,"support@propertymanagerwebsites.com, shinfo@dennisrealty.com"
"Howley Real Estate LLC","5523 W Cypress St #202, Tampa, FL 33607, USA","(813) 710-0743",http://mytamparental.com/,
"Graystone Real Estate","7825 N Dale Mabry Hwy Ste 204, Tampa, FL 33614, USA","(727) 201-4011",http://graystoneig.com/,inquiries@graystoneinvestmentgroup.com
"BC Tampa Properties","2402 W Cleveland St, Tampa, FL 33609, USA","(877) 568-1238",https://www.bctampaproperties.com/,
"Tampa Bay Property Management LLC","5230 Land O' Lakes Blvd #2323, Land O' Lakes, FL 34639, USA","(813) 960-2583",https://www.tampabaypropertymanagementllc.com/,"kim@tampabaypropertymanagementllc.com, 605a7baede844d278b89dc95ae0a9123@sentry-next.wixpress.com, dd0a55ccb8124b9c9d938e3acf41f8aa@sentry.wixpress.com, c183baa23371454f99f417f6616b724d@sentry.wixpress.com, 9a65e97ebe8141fca0c4fd686f70996b@sentry.wixpress.com, ed436f5053144538958ad06a5005e99a@sentry.wixpress.com, 460ff4620fa44cba8df530afde949785@sentry.wixpress.com, 1eeb89147c984dc6bc3ffafd9e6cd089@sentry.wixpress.com, 8c4075d5481d476e945486754f783364@sentry.io, 2062d0a4929b45348643784b5cb39c36@sentry.wixpress.com, 271e9fa3230b4eec94b02bf95780f5f2@sentry.wixpress.com"
"Rent and Realty FL","601 N Lois Ave Ste. 22, Tampa, FL 33609, USA","(813) 522-6346",http://www.rentandrealtyfl.com/,accessibility@incomrealestate.com
"Thompson Property Management Group LLC","5508 N 50th St Suite 5, Tampa, FL 33610, USA","(813) 425-2218",https://tpmgroupllc.com/,info@tpmgroupllc.com
"Coastal Pioneer Realty","10953 Countryway Blvd, Tampa, FL 33626, USA","(813) 563-8100",https://www.coastalpioneer.com/,info@coastalpioneer.com
HomeProp,"7401 Temple Terrace Hwy STE B, Temple Terrace, FL 33617, USA","(813) 853-0363",http://www.homeprop.com/,info@homeprop.com
"Bridge Homes - Tampa","3500 E Fletcher Ave Ste 504, Tampa, FL 33613, USA","(813) 525-9014",https://www.bridgehomes.com/,"atlpm@bridgehomes.com, balpm@bridgehomes.com, cltpm@bridgehomes.com, colpm@bridgehomes.com, dalpm@bridgehomes.com, houpm@bridgehomes.com, indpm@bridgehomes.com, lvpm@bridgehomes.com, msppm@bridgehomes.com, okcpm@bridgehomes.com, tpapm@bridgehomes.com, ralpm@bridgehomes.com, jaxpm@bridgehomes.com, orlpm@bridgehomes.com"
"Ros Professional Property Management","2722 W Waters Ave Suite A, Tampa, FL 33614, USA","(813) 784-3919",,
"Farrell Property Management","10260 Fisher Ave, Tampa, FL 33619, USA","(813) 381-3867",,
"CASHFLOW R.P.M.- Rental Property Management","1201 Gulf Blvd, Indian Rocks Beach, FL 33785, USA","(727) 392-6700",http://www.cashflowrpm.com/,cashflowrpm@gmail.com
"All County Associates Property Management","2706 US-19 ALT, Palm Harbor, FL 34683, USA","(727) 853-6888",https://www.allcountyassociates.com/,
"Local Life Properties","17708 1st St E, Redington Shores, FL 33708, USA","(727) 685-8220",http://www.locallifeproperties.com/,"info@locallifeproperties.com, user@domain.com, info@lofallifeproperties.com"
"Bianchi Realty & Property Management - Brenda Bianchi & Team","9180 Oakhurst Rd STE 1B, Seminole, FL 33776, USA","(727) 596-1311",http://www.bianchirealtyandpropertymanagement.com/,"propertymanagement@brendabianchi.com, support@propertymanagerwebsites.com"
"PMI Pinellas","9886 Trumpet Vine Loop, Trinity, FL 34655, USA","(786) 223-6998",https://www.palmharborpropertymanagementinc.com/,yledo@pmipinellas.com
"Qualified Property Management, Inc.","1301 Seminole Blvd Ste 110, Largo, FL 33770, USA","(727) 869-9700",http://www.qualifiedproperty.com/,"employment@qualifiedproperty.com, info@qualifiedproperty.com, request@qualifiedproperty.com"
"Buffington Properties.","2181 Indian Rocks Rd SUITE 3, Largo, FL 33774, USA","(727) 518-8700",https://www.buffingtonproperties.com/,"buffingtonprop@ij.net, your@email.com"
"Sandy Feet Vacation Rentals","2101 Starkey Rd Unit R-105, Largo, FL 33771, USA","(727) 333-5951",http://www.sandyfeetvr.com/,"ken.wilson@bizcor.com, info@sandyfeetvr.com"
"Stay Gulfside Vacation Rentals","11200 Seminole Blvd Suite 302, Largo, FL 33778, USA","(727) 637-1519",https://www.staygulfside.com/,
"Prestige Property Management Services","11590 Seminole Blvd a8, Largo, FL 33778, USA","(866) 863-1166",http://www.myprestigemanagement.com/,
